{
  "_meta": {
    "produced_by": "analysis/scaling.py",
    "produced_at_pt": "2026-07-11T11:55:46-07:00",
    "dispatcher_git_sha": "0c3e79615e70129540c5bc1a34a903d94bb91d70",
    "wrapper_git_sha": "0a9141b0732d869ec312d4d15d7bcd1bc1eda933",
    "wandb_groups": [
      "nxd-3way@20260704-205230",
      "nxd-3way@20260704-205239",
      "nxd-3way@20260707-075359",
      "nxd-3way@20260707-075401",
      "nxd-3way@20260707-075406",
      "nxd-3way@20260707-075412",
      "nxd-3way@20260707-110227",
      "nxd-3way@20260707-110245",
      "nxd-3way@20260708-231204",
      "nxd-3way@20260708-231938",
      "nxd-3way@20260709-231516",
      "rerun_H16D10s2@20260705-104925",
      "sweep-validate-capnsteps@20260710-183333"
    ]
  },
  "metric_note": "3-way (L/R/ignore) held-out finetune. LR_engaged = conditional L/R likelihood on engaged trials (comparable to 2-way, chance 1/2). ignore_* = ignore-class detection (rare positive, base rate ~0.05-0.10). Raw 3-way NL (chance 1/3) is NOT comparable to 2-way and is not tabulated here. Error bars in fig_scaling.png are SEM (n=3 seeds/cell).",
  "Hs": [
    16,
    64,
    128,
    256
  ],
  "Ds": [
    10,
    30,
    100,
    614
  ],
  "grid": {
    "10x16": {
      "D": 10,
      "H": 16,
      "LR_engaged": {
        "mean": 0.7163534164428711,
        "sem": 5.2978918286006636e-05,
        "ci95": 0.00022796828538468656,
        "n": 3,
        "seeds": [
          0.716404,
          0.716247,
          0.716409
        ]
      },
      "ignore_pr_auc": {
        "mean": 0.6153990972695623,
        "sem": 0.001690219973317887,
        "ci95": 0.007273016545186867,
        "n": 3
      },
      "ignore_recall": {
        "mean": 0.4625618932220377,
        "sem": 0.009540108147091574,
        "ci95": 0.04105108535693504,
        "n": 3
      }
    },
    "30x16": {
      "D": 30,
      "H": 16,
      "LR_engaged": {
        "mean": 0.7189485430717468,
        "sem": 0.0006403387657837914,
        "ci95": 0.002755377709167654,
        "n": 3,
        "seeds": [
          0.717946,
          0.71876,
          0.72014
        ]
      },
      "ignore_pr_auc": {
        "mean": 0.619315494004956,
        "sem": 0.001744877340334163,
        "ci95": 0.007508207195457903,
        "n": 3
      },
      "ignore_recall": {
        "mean": 0.4614339780699786,
        "sem": 0.003573813208753008,
        "ci95": 0.015378118237264192,
        "n": 3
      }
    },
    "100x16": {
      "D": 100,
      "H": 16,
      "LR_engaged": {
        "mean": 0.7203161319096884,
        "sem": 0.0009423870987660145,
        "ci95": 0.004055091685990161,
        "n": 3,
        "seeds": [
          0.721475,
          0.718449,
          0.721024
        ]
      },
      "ignore_pr_auc": {
        "mean": 0.6211370086486298,
        "sem": 0.000883891832310074,
        "ci95": 0.0038033865544302484,
        "n": 3
      },
      "ignore_recall": {
        "mean": 0.4674176128289129,
        "sem": 0.00047437998244631536,
        "ci95": 0.002041257064466495,
        "n": 3
      }
    },
    "614x16": {
      "D": 614,
      "H": 16,
      "LR_engaged": {
        "mean": 0.7209706505139669,
        "sem": 0.0010332077486976058,
        "ci95": 0.004445892942645798,
        "n": 3,
        "seeds": [
          0.72075,
          0.72286,
          0.719302
        ]
      },
      "ignore_pr_auc": {
        "mean": 0.6218367385613901,
        "sem": 0.0008552694897190444,
        "ci95": 0.003680224614261048,
        "n": 3
      },
      "ignore_recall": {
        "mean": 0.46727998922945746,
        "sem": 0.0018103140609144418,
        "ci95": 0.007789781404114843,
        "n": 3
      }
    },
    "10x64": {
      "D": 10,
      "H": 64,
      "LR_engaged": {
        "mean": 0.7184510231018066,
        "sem": 0.0028155785627600274,
        "ci95": 0.012115434555556397,
        "n": 3,
        "seeds": [
          0.71282,
          0.721306,
          0.721227
        ]
      },
      "ignore_pr_auc": {
        "mean": 0.6117404406229672,
        "sem": 0.007842027245621148,
        "ci95": 0.0337442432379078,
        "n": 3
      },
      "ignore_recall": {
        "mean": 0.44273811126568835,
        "sem": 0.008838574436210453,
        "ci95": 0.03803238579901358,
        "n": 3
      }
    },
    "30x64": {
      "D": 30,
      "H": 64,
      "LR_engaged": {
        "mean": 0.7257257302602133,
        "sem": 0.000100944804245653,
        "ci95": 0.00043436549266904486,
        "n": 3,
        "seeds": [
          0.725927,
          0.725643,
          0.725608
        ]
      },
      "ignore_pr_auc": {
        "mean": 0.6275960536977448,
        "sem": 0.000611221867584162,
        "ci95": 0.002630087696214649,
        "n": 3
      },
      "ignore_recall": {
        "mean": 0.46105401726278633,
        "sem": 0.0042895567065235184,
        "ci95": 0.018457962508170698,
        "n": 3
      }
    },
    "100x64": {
      "D": 100,
      "H": 64,
      "LR_engaged": {
        "mean": 0.7274691859881083,
        "sem": 0.00011056748540090399,
        "ci95": 0.00047577188968008985,
        "n": 3,
        "seeds": [
          0.727639,
          0.727261,
          0.727508
        ]
      },
      "ignore_pr_auc": {
        "mean": 0.6309511360070214,
        "sem": 0.000708426434703478,
        "ci95": 0.0030483589485290658,
        "n": 3
      },
      "ignore_recall": {
        "mean": 0.4699636494188395,
        "sem": 0.003887866396832131,
        "ci95": 0.01672948910556866,
        "n": 3
      }
    },
    "614x64": {
      "D": 614,
      "H": 64,
      "LR_engaged": {
        "mean": 0.7282089591026306,
        "sem": 8.875948181144817e-05,
        "ci95": 0.00038193205023466146,
        "n": 3,
        "seeds": [
          0.728265,
          0.728035,
          0.728327
        ]
      },
      "ignore_pr_auc": {
        "mean": 0.6319921453515741,
        "sem": 0.00017844652253921398,
        "ci95": 0.0007678553864862378,
        "n": 3
      },
      "ignore_recall": {
        "mean": 0.4669119956917829,
        "sem": 0.0013654590278259593,
        "ci95": 0.005875570196735102,
        "n": 3
      }
    },
    "10x128": {
      "D": 10,
      "H": 128,
      "LR_engaged": {
        "mean": 0.720565656820933,
        "sem": 0.001148498121966614,
        "ci95": 0.004941987418822341,
        "n": 3,
        "seeds": [
          0.719598,
          0.722854,
          0.719245
        ]
      },
      "ignore_pr_auc": {
        "mean": 0.6191504667570296,
        "sem": 0.0007723450588953191,
        "ci95": 0.0033234007884265578,
        "n": 3
      },
      "ignore_recall": {
        "mean": 0.44561025594997683,
        "sem": 0.0041799832584758665,
        "ci95": 0.017986467961221653,
        "n": 3
      }
    },
    "30x128": {
      "D": 30,
      "H": 128,
      "LR_engaged": {
        "mean": 0.7257040739059448,
        "sem": 0.00012199277467259518,
        "ci95": 0.000524934909416177,
        "n": 3,
        "seeds": [
          0.725488,
          0.72591,
          0.725714
        ]
      },
      "ignore_pr_auc": {
        "mean": 0.6265705221765933,
        "sem": 0.0008432446380559983,
        "ci95": 0.0036284816775549607,
        "n": 3
      },
      "ignore_recall": {
        "mean": 0.46293287857709164,
        "sem": 0.006670577391682123,
        "ci95": 0.028703494516408176,
        "n": 3
      }
    },
    "100x128": {
      "D": 100,
      "H": 128,
      "LR_engaged": {
        "mean": 0.7290873328844706,
        "sem": 9.429623300834227e-05,
        "ci95": 0.0004057566906348968,
        "n": 3,
        "seeds": [
          0.728908,
          0.729127,
          0.729227
        ]
      },
      "ignore_pr_auc": {
        "mean": 0.6334356086825678,
        "sem": 0.00051037379044016,
        "ci95": 0.0021961384202640083,
        "n": 3
      },
      "ignore_recall": {
        "mean": 0.4718155843767297,
        "sem": 0.003788917899341218,