{
  "_meta": {
    "produced_by": "analysis/subject_capacity_report.py",
    "produced_at_pt": "2026-07-15T10:03:35-07:00",
    "dispatcher_git_sha": "9730c1420901896afd197ebf08c42e2e8b893a8b",
    "wrapper_git_sha": null,
    "wandb_groups": [
      "subject-capacity@20260713-225831"
    ]
  },
  "reference": {
    "disrnn_D100": 0.7174,
    "gru_D100": 0.7262,
    "rl_ctt": 0.717
  },
  "regression_control": {
    "0": {
      "value": 0.7179292440414429,
      "target": 0.7172,
      "delta": 0.0007292440414429224
    },
    "1": {
      "value": 0.7170721292495728,
      "target": 0.71624,
      "delta": 0.0008321292495727661
    }
  },
  "table": {
    "emb4_sp0.001": {
      "emb": 4,
      "sp": 0.001,
      "n_seeds": 2,
      "ho_mean": 0.7175006866455078,
      "ho_sd": 0.0004285573959350586,
      "open_upd_subj_mean": 0.661012202501297,
      "open_choice_subj_mean": 0.000786513090133667
    },
    "emb4_sp0.0001": {
      "emb": 4,
      "sp": 0.0001,
      "n_seeds": 2,
      "ho_mean": 0.7131916284561157,
      "ho_sd": 0.0015003085136413574,
      "open_upd_subj_mean": 3.5936187505722046,
      "open_choice_subj_mean": 0.014122456312179565
    },
    "emb4_sp0.0": {
      "emb": 4,
      "sp": 0.0,
      "n_seeds": 2,
      "ho_mean": 0.7159049212932587,
      "ho_sd": 0.0017606914043426514,
      "open_upd_subj_mean": 19.976311683654785,
      "open_choice_subj_mean": 3.9954687356948853
    },
    "emb16_sp0.001": {
      "emb": 16,
      "sp": 0.001,
      "n_seeds": 2,
      "ho_mean": 0.7198701202869415,
      "ho_sd": 0.0005438625812530518,
      "open_upd_subj_mean": 0.8864031732082367,
      "open_choice_subj_mean": 0.0063745975494384766
    },
    "emb16_sp0.0001": {
      "emb": 16,
      "sp": 0.0001,
      "n_seeds": 2,
      "ho_mean": 0.7166213989257812,
      "ho_sd": 0.001207888126373291,
      "open_upd_subj_mean": 4.442645788192749,
      "open_choice_subj_mean": 0.04219275712966919
    },
    "emb16_sp0.0": {
      "emb": 16,
      "sp": 0.0,
      "n_seeds": 2,
      "ho_mean": 0.7179203629493713,
      "ho_sd": 0.00034564733505249023,
      "open_upd_subj_mean": 79.97657775878906,
      "open_choice_subj_mean": 15.945160865783691
    },
    "emb64_sp0.001": {
      "emb": 64,
      "sp": 0.001,
      "n_seeds": 2,
      "ho_mean": 0.7202098965644836,
      "ho_sd": 0.00010246038436889648,
      "open_upd_subj_mean": 0.7679706513881683,
      "open_choice_subj_mean": 0.017096102237701416
    },
    "emb64_sp0.0001": {
      "emb": 64,
      "sp": 0.0001,
      "n_seeds": 2,
      "ho_mean": 0.7181685864925385,
      "ho_sd": 0.000752180814743042,
      "open_upd_subj_mean": 4.890435695648193,
      "open_choice_subj_mean": 0.16287493705749512
    },
    "emb64_sp0.0": {
      "emb": 64,
      "sp": 0.0,
      "n_seeds": 2,
      "ho_mean": 0.7192262709140778,
      "ho_sd": 0.00019314885139465332,
      "open_upd_subj_mean": 319.87428283691406,
      "open_choice_subj_mean": 63.83979415893555
    }
  },
  "best_cell": {
    "emb": 64,
    "sp": 0.001,
    "n_seeds": 2,
    "ho_mean": 0.7202098965644836,
    "ho_sd": 0.00010246038436889648,
    "open_upd_subj_mean": 0.7679706513881683,
    "open_choice_subj_mean": 0.017096102237701416,
    "key": "emb64_sp0.001"
  }
}