{
  "v1_D10": [
    0.7263916692384201,
    0.7046653839637208,
    0.725206487050364,
    0.7285252620289394
  ],
  "v1_D30": [
    0.7296285356251929,
    0.7100917632921373,
    0.7287549824546433,
    0.7315941359928305
  ],
  "v1_D100": [
    0.7309412661929447,
    0.710859986392982,
    0.7300977154989979,
    0.7328033348344157
  ],
  "v1_D300": [
    0.7314238220830892,
    0.710605705826141,
    0.7305108678078976,
    0.7332094007190226
  ],
  "v1_D614": [
    0.7315337276463121,
    0.7106537518077443,
    0.7306832855093405,
    0.7332889815282855
  ],
  "v2_D10": [
    0.7263503869935292,
    0.7044711673727264,
    0.7250134654625925,
    0.7284539090479746
  ],
  "v2_D30": [
    0.7295479189366498,
    0.7075390586562962,
    0.7280808679602713,
    0.7314977515769949
  ],
  "v2_D100": [
    0.7319382681294024,
    0.7121914981512426,
    0.7309013522618771,
    0.7338224421794002
  ],
  "v2_D300": [
    0.7327958717910154,
    0.7164855058286377,
    0.7318930311438461,
    0.734561120401243
  ],
  "v2_D614": [
    0.7331225210612236,
    0.7153046833365586,
    0.7325530718059216,
    0.7347459853615333
  ]
}