{
  "_meta": {
    "produced_by": "analysis/generative_match.py",
    "produced_at_pt": "2026-07-15T13:51:16-07:00",
    "dispatcher_git_sha": "6235b550a7137cd27487b118ef68d941981716d9",
    "wrapper_git_sha": "870e6ddd56c0bfba4d2a314b63af0e056ef0153c",
    "wandb_groups": [
      "generative-v1@20260623-180747",
      "generative-v2@20260623-180750"
    ]
  },
  "v1_D10": {
    "D": 10,
    "n_seeds": 3,
    "corr_mean": 0.9577022385724946,
    "corr_sd": 0.029998418626192427,
    "rmse_mean": 0.0382993356352453,
    "rmse_sd": 0.003961435247971589
  },
  "v1_D30": {
    "D": 30,
    "n_seeds": 3,
    "corr_mean": 0.9755884382149373,
    "corr_sd": 0.016814004532188405,
    "rmse_mean": 0.03939295408854074,
    "rmse_sd": 0.00446694485554125
  },
  "v1_D100": {
    "D": 100,
    "n_seeds": 3,
    "corr_mean": 0.9773905954101118,
    "corr_sd": 0.0031611075693632686,
    "rmse_mean": 0.03736427957388401,
    "rmse_sd": 0.002315613680540049
  },
  "v2_D10": {
    "D": 10,
    "n_seeds": 3,
    "corr_mean": 0.9675346712386338,
    "corr_sd": 0.024321595181488236,
    "rmse_mean": 0.0416423937122775,
    "rmse_sd": 0.005357968181092629
  },
  "v2_D30": {
    "D": 30,
    "n_seeds": 3,
    "corr_mean": 0.9716791713563223,
    "corr_sd": 0.016073096785879374,
    "rmse_mean": 0.040126902317171725,
    "rmse_sd": 0.005994460953666116
  },
  "v2_D100": {
    "D": 100,
    "n_seeds": 3,
    "corr_mean": 0.9834307049530211,
    "corr_sd": 0.0033724200851727136,
    "rmse_mean": 0.03659264298304777,
    "rmse_sd": 0.0005111117085748995
  },
  "v1_D300": {
    "D": 300,
    "n_seeds": 3,
    "corr_mean": 0.9776509807884377,
    "corr_sd": 0.0030679051992268313,
    "rmse_mean": 0.036399669225653554,
    "rmse_sd": 0.0014902894880586296
  },
  "v2_D300": {
    "D": 300,
    "n_seeds": 3,
    "corr_mean": 0.9832614032572464,
    "corr_sd": 0.002333350543356302,
    "rmse_mean": 0.03763022602855844,
    "rmse_sd": 0.00013612096850871303
  },
  "v1_D614": {
    "D": 614,
    "n_seeds": 3,
    "corr_mean": 0.9789141711904209,
    "corr_sd": 0.0018840438855663496,
    "rmse_mean": 0.036248593217095046,
    "rmse_sd": 0.0008878370842603876
  },
  "v2_D614": {
    "D": 614,
    "n_seeds": 3,
    "corr_mean": 0.9801880499075605,
    "corr_sd": 0.0027860000905317235,
    "rmse_mean": 0.037877412399305053,
    "rmse_sd": 0.0008328150128980987
  },
  "history_dependent": {
    "abstract": {
      "1": {
        "v1_D10": {
          "D": 10,
          "n_seeds": 3,
          "corr_mean": 1.0,
          "corr_sd": 0.0,
          "rmse_mean": 0.020910205178656188,
          "rmse_sd": 0.007483989228369
        },
        "v1_D30": {
          "D": 30,
          "n_seeds": 3,
          "corr_mean": 1.0,
          "corr_sd": 1.2819751242557092e-16,
          "rmse_mean": 0.02477357366706988,
          "rmse_sd": 0.0014614582804928034
        },
        "v1_D100": {
          "D": 100,
          "n_seeds": 3,
          "corr_mean": 1.0,
          "corr_sd": 1.2819751242557092e-16,
          "rmse_mean": 0.02373772122501382,
          "rmse_sd": 0.0016942228583315395
        },
        "v2_D10": {
          "D": 10,
          "n_seeds": 3,
          "corr_mean": 1.0,
          "corr_sd": 1.2819751242557092e-16,
          "rmse_mean": 0.021897055120064252,
          "rmse_sd": 0.007256116880709095
        },
        "v2_D30": {
          "D": 30,
          "n_seeds": 3,
          "corr_mean": 1.0,
          "corr_sd": 0.0,
          "rmse_mean": 0.025301458876473743,
          "rmse_sd": 0.0030480002155710904
        },
        "v2_D100": {
          "D": 100,
          "n_seeds": 3,
          "corr_mean": 1.0,
          "corr_sd": 1.2819751242557092e-16,
          "rmse_mean": 0.02302736112206934,
          "rmse_sd": 0.0020740015384078134
        },
        "v1_D300": {
          "D": 300,
          "n_seeds": 3,
          "corr_mean": 1.0,
          "corr_sd": 0.0,
          "rmse_mean": 0.02225778445636303,
          "rmse_sd": 0.0007876488870750552
        },
        "v2_D300": {
          "D": 300,
          "n_seeds": 3,
          "corr_mean": 1.0,
          "corr_sd": 1.2819751242557092e-16,
          "rmse_mean": 0.020031837820111652,
          "rmse_sd": 0.0014582145474357068
        },
        "v1_D614": {
          "D": 614,
          "n_seeds": 3,
          "corr_mean": 1.0,
          "corr_sd": 0.0,
          "rmse_mean": 0.022430824947505857,
          "rmse_sd": 0.0012915977406592351
        },
        "v2_D614": {
          "D": 614,
          "n_seeds": 3,
          "corr_mean": 1.0,
          "corr_sd": 0.0,
          "rmse_mean": 0.02086092056315876,
          "rmse_sd": 0.001269295682225957
        }
      },
      "2": {
        "v1_D10": {
          "D": 10,
          "n_seeds": 3,
          "corr_mean": 0.9931932102296108,
          "corr_sd": 0.0031674489139850515,
          "rmse_mean": 0.02334129396441709,
          "rmse_sd": 0.004137875892477119
        },
        "v1_D30": {
          "D": 30,
          "n_seeds": 3,
          "corr_mean": 0.9935469442370352,
          "corr_sd": 0.002159562812341468,
          "rmse_mean": 0.02406585515043069,
          "rmse_sd": 0.002021233510488488
        },
        "v1_D100": {
          "D": 100,
          "n_seeds": 3,
          "corr_mean": 0.9958465303342847,
          "corr_sd": 0.0011345852473691204,
          "rmse_mean": 0.02278171071202516,
          "rmse_sd": 0.0014565917584201582
        },
        "v2_D10": {
          "D": 10,
          "n_seeds": 3,
          "corr_mean": 0.9934525816512733,
          "corr_sd": 0.00099900867589135,
          "rmse_mean": 0.023816222121006685,
          "rmse_sd": 0.0038994389100004624
        },
        "v2_D30": {
          "D": 30,
          "n_seeds": 3,
          "corr_mean": 0.993966132544827,
          "corr_sd": 0.0018636607925027141,
          "rmse_mean": 0.02493790338659185,
          "rmse_sd": 0.003020900348496748
        },
        "v2_D100": {
          "D": 100,
          "n_seeds": 3,
          "corr_mean": 0.9952669797581395,
          "corr_sd": 0.0019884903675830568,
          "rmse_mean": 0.022164663598858134,
          "rmse_sd": 0.0009895282622802903
        },
        "v1_D300": {
          "D": 300,
          "n_seeds": 3,
          "corr_mean": 0.9962921678913917,
          "corr_sd": 8.383697207534353e-05,
          "rmse_mean": 0.021851669039792937,
          "rmse_sd": 0.0009459897630584476
        },
        "v2_D300": {
          "D": 300,
          "n_seeds": 3,
          "corr_mean": 0.9954524193688755,
          "corr_sd": 0.000524913087865777,
          "rmse_mean": 0.02222157588151293,
          "rmse_sd": 0.001151076489088526
        },
        "v1_D614": {
          "D": 614,
          "n_seeds": 3,
          "corr_mean": 0.9960238706794398,
          "corr_sd": 0.00039102405895583995,
          "rmse_mean": 0.022250617692630748,
          "rmse_sd": 0.0005170196600584859
        },
        "v2_D614": {
          "D": 614,
          "n_seeds": 3,
          "corr_mean": 0.9956108979276768,
          "corr_sd": 0.000409851155981841,
          "rmse_mean": 0.0224588976474784,
          "rmse_sd": 0.0003198741686220492
        }
      },
      "3": {
        "v1_D10": {
          "D": 10,
          "n_seeds": 3,
          "corr_mean": 0.9589985189289125,
          "corr_sd": 0.0155453049009315,
          "rmse_mean": 0.02705501542454382,
          "rmse_sd": 0.005739201563634818
        },
        "v1_D30": {
          "D": 30,
          "n_seeds": 3,
          "corr_mean": 0.9785084538880017,
          "corr_sd": 0.009497080681855265,
          "rmse_mean": 0.026640019342870636,
          "rmse_sd": 0.003040430360557195
        },
        "v1_D100": {
          "D": 100,
          "n_seeds": 3,
          "corr_mean": 0.9837618375368838,
          "corr_sd": 0.005223953852590159,
          "rmse_mean": 0.0246991407167733,
          "rmse_sd": 0.0014037184569778282
        },
        "v2_D10": {
          "D": 10,