{
  "_meta": {
    "produced_by": "analysis/nxd_scaling.py",
    "produced_at_pt": "2026-06-25T01:49:50-07:00",
    "dispatcher_git_sha": "a84dd1bd1f0cb925caf9140223e5bdb37c0e2cc8",
    "wandb_groups": [
      "nxd-grid@20260623-102649",
      "nxd-grid@20260624-141106",
      "v2-sc-active@20260622-144622"
    ]
  },
  "metric": "heldout/final/eval_likelihood (aggregate over held-out mice; same fixed held-out set across all cells)",
  "Ns": [
    16,
    64,
    128,
    256
  ],
  "Ds": [
    10,
    30,
    100,
    614
  ],
  "mean_grid": [
    [
      0.717701276143392,
      0.720007042090098,
      0.7220096389452616,
      0.7226020097732544
    ],
    [
      0.7218092282613119,
      0.7246809005737305,
      0.7263990044593811,
      0.7270278135935465
    ],
    [
      0.7217934528986613,
      0.7248730262120565,
      0.7272908687591553,
      0.7282287875811259
    ],
    [
      0.7214075128237406,
      0.7251026034355164,
      0.7272872527440389,
      0.7290228009223938
    ]
  ],
  "se_grid": [
    [
      0.0012236241964970708,
      0.0003401739138150941,
      0.0010252134098672743,
      0.0005973121704515888
    ],
    [
      0.0005692878619621078,
      0.00020657728508345256,
      0.00010061278750912062,
      0.0002045283839779051
    ],
    [
      0.000957600517494359,
      0.00023927935626948338,
      7.660393491548342e-05,
      3.6217205437705546e-05
    ],
    [
      0.000991089311247844,
      5.4144851877600316e-05,
      6.398867305296508e-05,
      4.0237211680232283e-05
    ]
  ],
  "seed_scalars": {
    "N16_D10": [
      0.7153993248939514,
      0.7195716500282288,
      0.7181328535079956
    ],
    "N16_D30": [
      0.7204731702804565,
      0.720203161239624,
      0.7193447947502136
    ],
    "N16_D100": [
      0.7222896814346313,
      0.7236286997795105,
      0.7201105356216431
    ],
    "N16_D614": [
      0.7228994965553284,
      0.7234552502632141,
      0.7214512825012207
    ],
    "N64_D10": [
      0.7223286032676697,
      0.7224270105361938,
      0.720672070980072
    ],
    "N64_D30": [
      0.7248988747596741,
      0.7242679595947266,
      0.7248758673667908
    ],
    "N64_D100": [
      0.7266002297401428,
      0.7262980937957764,
      0.7262986898422241
    ],
    "N64_D614": [
      0.7274302244186401,
      0.7268902063369751,
      0.7267630100250244
    ],
    "N128_D10": [
      0.7202110886573792,
      0.721650242805481,
      0.7235190272331238
    ],
    "N128_D30": [
      0.7244009375572205,
      0.7250411510467529,
      0.725176990032196
    ],
    "N128_D100": [
      0.7274349331855774,
      0.7271736860275269,
      0.7272639870643616
    ],
    "N128_D614": [
      0.7282243967056274,
      0.7281683683395386,
      0.7282935976982117
    ],
    "N256_D10": [
      0.7202249765396118,
      0.723376452922821,
      0.7206211090087891
    ],
    "N256_D30": [
      0.7252062559127808,
      0.7250779271125793,
      0.725023627281189
    ],
    "N256_D100": [
      0.7271739840507507,
      0.7272922992706299,
      0.7273954749107361
    ],
    "N256_D614": [
      0.7290986180305481,
      0.7289615273475647,
      0.7290082573890686
    ]
  },
  "fit_additive": {
    "E": 0.7291197372870394,
    "A": -0.19214738159544253,
    "alpha": 1.2955939719461376,
    "B": -0.02489151151951661,
    "beta": 0.563345977105346,
    "rss": 2.657489001406244e-06,
    "n": 16,
    "k": 5,
    "aic": -239.77148140284947
  },
  "fit_interaction": {
    "E": 0.714180521531109,
    "A": -0.06011056240700481,
    "alpha": 0.5985824442018362,
    "B": -16.13903717177844,
    "beta": 0.15168571376891618,
    "C": 16.15072291276479,
    "gamma": 0.00017062263732871706,
    "delta": 0.15122331435131312,
    "rss": 6.253369279855861e-07,
    "n": 16,
    "k": 8,
    "aic": -256.9210235188296
  },
  "fit_loglog_interaction": {
    "intercept": {
      "coef": 0.7242027012010418,
      "se": 0.0003217290201868806,
      "t": 2250.971021452709,
      "p": 3.980658497349503e-35
    },
    "lnN": {
      "coef": 0.0019116012914863726,
      "se": 0.00031382731737974757,
      "t": 6.0912520536675725,
      "p": 5.407582990981943e-05
    },
    "lnD": {
      "coef": 0.0014289684454561265,
      "se": 0.0002106638169944355,
      "t": 6.78316981930443,
      "p": 1.949185338750879e-05
    },
    "interaction": {
      "coef": 0.00021731983045196308,
      "se": 0.00020548988872045083,
      "t": 1.0575694590384725,
      "p": 0.31107729645976345
    }
  }
}