{
  "Ds": [
    10,
    30,
    100,
    300,
    614
  ],
  "variants": {
    "v1": {
      "zeroshot": [
        0.7263916692384201,
        0.7296285356251929,
        0.7309412661929447,
        0.7314238220830892,
        0.7315337276463121
      ],
      "adapted": [
        0.7285252620289394,
        0.7315941359928305,
        0.7328033348344157,
        0.7332094007190226,
        0.7332889815282855
      ],
      "gap": [
        0.0021335927905192786,
        0.001965600367637599,
        0.001862068641470982,
        0.001785578635933427,
        0.0017552538819733954
      ]
    },
    "v2": {
      "zeroshot": [
        0.7263503869935292,
        0.7295479189366498,
        0.7319382681294024,
        0.7327958717910154,
        0.7331225210612236
      ],
      "adapted": [
        0.7284539090479746,
        0.7314977515769949,
        0.7338224421794002,
        0.734561120401243,
        0.7347459853615333
      ],
      "gap": [
        0.002103522054445417,
        0.001949832640345095,
        0.0018841740499977444,
        0.0017652486102276432,
        0.001623464300309796
      ]
    }
  }
}