{
  "Ds": [
    10,
    30,
    100,
    300,
    614
  ],
  "n_subjects": 149,
  "nboot": 1000,
  "variants": {
    "v1": {
      "perD_mean": [
        0.728469770577253,
        0.7315393721688941,
        0.7327487738914917,
        0.7331548316029977,
        0.7332341898339242
      ],
      "perD_CI": [
        [
          0.718529304128435,
          0.737823072867804
        ],
        [
          0.7215109933567603,
          0.7408420329870855
        ],
        [
          0.7227269375677501,
          0.7419975790463716
        ],
        [
          0.7231610213964069,
          0.7423860864886673
        ],
        [
          0.7232367248493182,
          0.7424608312237181
        ]
      ],
      "late_gain_D100_to_D614": {
        "mean": 0.00048541594243239504,
        "CI": [
          0.0004180082526473811,
          0.0005554818723727762
        ]
      },
      "frac_of_gain_by_D100": {
        "mean": 0.898137625833125,
        "CI": [
          0.8874992106652156,
          0.9097048141626347
        ]
      },
      "powerlaw_E": {
        "mean": 0.7309167550109622,
        "CI": [
          0.7210153669861527,
          0.7402273146134843
        ]
      },
      "powerlaw_alpha": {
        "mean": 0.6827628614182016,
        "CI": [
          0.6821692500158942,
          0.6824497744634306
        ]
      }
    },
    "v2": {
      "perD_mean": [
        0.7284085131166248,
        0.731449927694714,
        0.7337709326603822,
        0.7345088929128004,
        0.7346935208874262
      ],
      "perD_CI": [
        [
          0.7178654208346542,
          0.7377903704968851
        ],
        [
          0.7208369342717798,
          0.7407250894777055
        ],
        [
          0.7232341039196208,
          0.743064332177053
        ],
        [
          0.7239346403582019,
          0.7438309742708263
        ],
        [
          0.7240914934045167,
          0.7439750247462691
        ]
      ],
      "late_gain_D100_to_D614": {
        "mean": 0.0009225882270439855,
        "CI": [
          0.0008386606799211382,
          0.0010046359360811469
        ]
      },
      "frac_of_gain_by_D100": {
        "mean": 0.8531547844849493,
        "CI": [
          0.8418537297089626,
          0.8654696162827981
        ]
      },
      "powerlaw_E": {
        "mean": 0.731369006882349,
        "CI": [
          0.7208734043822553,
          0.740702685600388
        ]
      },
      "powerlaw_alpha": {
        "mean": 0.6823962884761385,
        "CI": [
          0.682277468224287,
          0.6823794397951529
        ]
      }
    }
  }
}