{
  "v1_D10": {
    "D": 10,
    "n_seeds": 3,
    "corr_mean": 0.9577022385724946,
    "corr_sd": 0.029998418626192427,
    "rmse_mean": 0.0382993356352453,
    "rmse_sd": 0.003961435247971589
  },
  "v1_D30": {
    "D": 30,
    "n_seeds": 3,
    "corr_mean": 0.9755884382149373,
    "corr_sd": 0.016814004532188405,
    "rmse_mean": 0.03939295408854074,
    "rmse_sd": 0.00446694485554125
  },
  "v1_D100": {
    "D": 100,
    "n_seeds": 3,
    "corr_mean": 0.9773905954101118,
    "corr_sd": 0.0031611075693632686,
    "rmse_mean": 0.03736427957388401,
    "rmse_sd": 0.002315613680540049
  },
  "v2_D10": {
    "D": 10,
    "n_seeds": 3,
    "corr_mean": 0.9675346712386338,
    "corr_sd": 0.024321595181488236,
    "rmse_mean": 0.0416423937122775,
    "rmse_sd": 0.005357968181092629
  },
  "v2_D30": {
    "D": 30,
    "n_seeds": 3,
    "corr_mean": 0.9716791713563223,
    "corr_sd": 0.016073096785879374,
    "rmse_mean": 0.040126902317171725,
    "rmse_sd": 0.005994460953666116
  },
  "v2_D100": {
    "D": 100,
    "n_seeds": 3,
    "corr_mean": 0.9834307049530211,
    "corr_sd": 0.0033724200851727136,
    "rmse_mean": 0.03659264298304777,
    "rmse_sd": 0.0005111117085748995
  },
  "v1_D300": {
    "D": 300,
    "n_seeds": 3,
    "corr_mean": 0.9776509807884377,
    "corr_sd": 0.0030679051992268313,
    "rmse_mean": 0.036399669225653554,
    "rmse_sd": 0.0014902894880586296
  },
  "v2_D300": {
    "D": 300,
    "n_seeds": 3,
    "corr_mean": 0.9832614032572464,
    "corr_sd": 0.002333350543356302,
    "rmse_mean": 0.03763022602855844,
    "rmse_sd": 0.00013612096850871303
  },
  "v1_D614": {
    "D": 614,
    "n_seeds": 3,
    "corr_mean": 0.9789141711904209,
    "corr_sd": 0.0018840438855663496,
    "rmse_mean": 0.036248593217095046,
    "rmse_sd": 0.0008878370842603876
  },
  "v2_D614": {
    "D": 614,
    "n_seeds": 3,
    "corr_mean": 0.9801880499075605,
    "corr_sd": 0.0027860000905317235,
    "rmse_mean": 0.037877412399305053,
    "rmse_sd": 0.0008328150128980987
  }
}