{
  "mature": {
    "v1_D10": {
      "0": {
        "ll": 0.7402095605502217,
        "n": 117
      },
      "1": {
        "ll": 0.7278790358746272,
        "n": 117
      },
      "4": {
        "ll": 0.7405651082065527,
        "n": 117
      },
      "full": {
        "ll": 0.7426063566927483,
        "n": 117
      }
    },
    "v1_D30": {
      "0": {
        "ll": 0.7431072856394009,
        "n": 117
      },
      "1": {
        "ll": 0.73234128380859,
        "n": 117
      },
      "4": {
        "ll": 0.7435252560630802,
        "n": 117
      },
      "full": {
        "ll": 0.7452967288802567,
        "n": 117
      }
    },
    "v1_D100": {
      "0": {
        "ll": 0.7443950712066304,
        "n": 117
      },
      "1": {
        "ll": 0.7324081183493442,
        "n": 117
      },
      "4": {
        "ll": 0.7449090015362986,
        "n": 117
      },
      "full": {
        "ll": 0.7465355638097546,
        "n": 117
      }
    },
    "v1_D300": {
      "0": {
        "ll": 0.7448679286088905,
        "n": 117
      },
      "1": {
        "ll": 0.7322197524113749,
        "n": 117
      },
      "4": {
        "ll": 0.7452741528913942,
        "n": 117
      },
      "full": {
        "ll": 0.7469009194501351,
        "n": 117
      }
    },
    "v1_D614": {
      "0": {
        "ll": 0.7450382192645808,
        "n": 117
      },
      "1": {
        "ll": 0.7324432654265081,
        "n": 117
      },
      "4": {
        "ll": 0.7454165450044262,
        "n": 117
      },
      "full": {
        "ll": 0.7469930231591507,
        "n": 117
      }
    },
    "v2_D10": {
      "0": {
        "ll": 0.7401935368517747,
        "n": 117
      },
      "1": {
        "ll": 0.7272886809992426,
        "n": 117
      },
      "4": {
        "ll": 0.7403786903188216,
        "n": 117
      },
      "full": {
        "ll": 0.7425372208680707,
        "n": 117
      }
    },
    "v2_D30": {
      "0": {
        "ll": 0.7429552617978921,
        "n": 117
      },
      "1": {
        "ll": 0.7297187187511049,
        "n": 117
      },
      "4": {
        "ll": 0.7429413689650001,
        "n": 117
      },
      "full": {
        "ll": 0.745108567906182,
        "n": 117
      }
    },
    "v2_D100": {
      "0": {
        "ll": 0.7453081924330051,
        "n": 117
      },
      "1": {
        "ll": 0.7331159575542722,
        "n": 117
      },
      "4": {
        "ll": 0.7451952036535087,
        "n": 117
      },
      "full": {
        "ll": 0.74726514838266,
        "n": 117
      }
    },
    "v2_D300": {
      "0": {
        "ll": 0.7461533662372106,
        "n": 117
      },
      "1": {
        "ll": 0.73547457015974,
        "n": 117
      },
      "4": {
        "ll": 0.7458490683688742,
        "n": 117
      },
      "full": {
        "ll": 0.7479631287118174,
        "n": 117
      }
    },
    "v2_D614": {
      "0": {
        "ll": 0.7463918311204152,
        "n": 117
      },
      "1": {
        "ll": 0.7357171331885198,
        "n": 117
      },
      "4": {
        "ll": 0.7465044094493316,
        "n": 117
      },
      "full": {
        "ll": 0.7481512114321339,
        "n": 117
      }
    }
  },
  "k1_dip_vs_k0": {
    "v1_D10": {
      "mature_k1_minus_k0": -0.012330524675594479,
      "allstage_k1_minus_k0": -0.02172628527469933
    },
    "v1_D30": {
      "mature_k1_minus_k0": -0.01076600183081089,
      "allstage_k1_minus_k0": -0.01953677233305562
    },
    "v1_D100": {
      "mature_k1_minus_k0": -0.011986952857286237,
      "allstage_k1_minus_k0": -0.02008127979996277
    },
    "v1_D300": {
      "mature_k1_minus_k0": -0.01264817619751557,
      "allstage_k1_minus_k0": -0.020818116256948183
    },
    "v1_D614": {
      "mature_k1_minus_k0": -0.012594953838072742,
      "allstage_k1_minus_k0": -0.02087997583856782
    },
    "v2_D10": {
      "mature_k1_minus_k0": -0.012904855852532093,
      "allstage_k1_minus_k0": -0.021879219620802748
    },
    "v2_D30": {
      "mature_k1_minus_k0": -0.01323654304678712,
      "allstage_k1_minus_k0": -0.022008860280353648
    },
    "v2_D100": {
      "mature_k1_minus_k0": -0.012192234878732888,
      "allstage_k1_minus_k0": -0.019746769978159828
    },
    "v2_D300": {
      "mature_k1_minus_k0": -0.010678796077470576,
      "allstage_k1_minus_k0": -0.01631036596237767
    },
    "v2_D614": {
      "mature_k1_minus_k0": -0.01067469793189535,
      "allstage_k1_minus_k0": -0.017817837724664942
    }
  }
}