{
  "groups": [
    "nxd-grid@20260623-102649",
    "v2-sc-active@20260622-144622"
  ],
  "metric": "heldout/final/eval_likelihood (aggregate over held-out mice; same fixed held-out set across all cells)",
  "Ns": [
    16,
    64,
    128,
    256
  ],
  "Ds": [
    10,
    100,
    614
  ],
  "mean_grid": [
    [
      0.717701276143392,
      0.7220096389452616,
      0.7226020097732544
    ],
    [
      0.7218092282613119,
      0.7263990044593811,
      0.7270278135935465
    ],
    [
      0.7217934528986613,
      0.7272908687591553,
      0.7282287875811259
    ],
    [
      0.7214075128237406,
      0.7272872527440389,
      0.7290228009223938
    ]
  ],
  "se_grid": [
    [
      0.0012236241964970708,
      0.0010252134098672743,
      0.0005973121704515888
    ],
    [
      0.0005692878619621078,
      0.00010061278750912062,
      0.0002045283839779051
    ],
    [
      0.000957600517494359,
      7.660393491548342e-05,
      3.6217205437705546e-05
    ],
    [
      0.000991089311247844,
      6.398867305296508e-05,
      4.0237211680232283e-05
    ]
  ],
  "seed_scalars": {
    "N16_D10": [
      0.7153993248939514,
      0.7195716500282288,
      0.7181328535079956
    ],
    "N16_D100": [
      0.7222896814346313,
      0.7236286997795105,
      0.7201105356216431
    ],
    "N16_D614": [
      0.7228994965553284,
      0.7234552502632141,
      0.7214512825012207
    ],
    "N64_D10": [
      0.7223286032676697,
      0.7224270105361938,
      0.720672070980072
    ],
    "N64_D100": [
      0.7266002297401428,
      0.7262980937957764,
      0.7262986898422241
    ],
    "N64_D614": [
      0.7274302244186401,
      0.7268902063369751,
      0.7267630100250244
    ],
    "N128_D10": [
      0.7202110886573792,
      0.721650242805481,
      0.7235190272331238
    ],
    "N128_D100": [
      0.7274349331855774,
      0.7271736860275269,
      0.7272639870643616
    ],
    "N128_D614": [
      0.7282243967056274,
      0.7281683683395386,
      0.7282935976982117
    ],
    "N256_D10": [
      0.7202249765396118,
      0.723376452922821,
      0.7206211090087891
    ],
    "N256_D100": [
      0.7271739840507507,
      0.7272922992706299,
      0.7273954749107361
    ],
    "N256_D614": [
      0.7290986180305481,
      0.7289615273475647,
      0.7290082573890686
    ]
  },
  "fit_additive": {
    "E": 0.7289027567121875,
    "A": -0.14412594438398496,
    "alpha": 1.1857311142122673,
    "B": -0.030063012957012577,
    "beta": 0.6681582667704469,
    "rss": 2.3953990559792235e-06,
    "n": 12,
    "k": 5,
    "aic": -175.12240844382112
  },
  "fit_interaction": {
    "E": 0.7057811478151643,
    "A": -0.055676839309430085,
    "alpha": 0.5210040367289247,
    "B": -15.640396174602971,
    "beta": 0.13219402465995309,
    "C": 15.663444125990548,
    "gamma": 0.00019790204673533385,
    "delta": 0.13164655763804614,
    "rss": 3.992981656071987e-07,
    "n": 12,
    "k": 8,
    "aic": -190.62156880036795
  },
  "fit_loglog_interaction": {
    "intercept": {
      "coef": 0.7243816372421052,
      "se": 0.00039139859738059746,
      "t": 1850.7517453817388,
      "p": 8.136338905813725e-24
    },
    "lnN": {
      "coef": 0.0019223557351790875,
      "se": 0.000381785801513337,
      "t": 5.035168221445589,
      "p": 0.0010076624515810435
    },
    "lnD": {
      "coef": 0.0014998037540459642,
      "se": 0.00023230437300778914,
      "t": 6.456201123668369,
      "p": 0.00019701232875742983
    },
    "interaction": {
      "coef": 0.00023413034935658629,
      "se": 0.0002265989501173123,
      "t": 1.033236690793911,
      "p": 0.3317144321455027
    }
  }
}