concentration,enc,mix_r2_mean,mix_r2_mean_sem,n_seeds,dominant_family_acc,dominant_family_acc_sem,persession_sessioncond,persession_sessioncond_sem,persession_subjectonly,persession_subjectonly_sem,position_r2,position_r2_sem
0.5,none,0.5378083289726774,0.012908609587637343,0,0.7375,0.017500000000000012,,0.0,,0.0,,
0.5,scalar,0.5633232837728104,0.029393461884195393,2,0.7125,0.03749999999999998,0.6214375,0.010062499999999974,0.6223125,0.010937499999999987,0.5843926101175269,0.017105078137683694
1.0,none,0.29675891870325144,0.041208869234219125,0,0.5625,0.0675,,0.0,,0.0,,
1.0,scalar,0.3516919966652867,0.00795842110437747,2,0.6000000000000001,0.03999999999999998,0.509625,0.01849999999999999,0.5085,0.019624999999999972,0.6225259269102106,0.022890038962188216
2.0,none,0.237563804659994,0.013942270441534078,0,0.5425,0.007500000000000006,,0.0,,0.0,,
2.0,scalar,0.23031535060536099,0.03166632303637981,2,0.49750000000000005,0.032499999999999994,0.4493125,0.017687500000000023,0.45318749999999997,0.01443750000000002,0.661196783759574,0.023873205617359394
5.0,none,-0.0808840285031233,0.011674525843690551,0,0.4225,0.027499999999999993,,0.0,,0.0,,
5.0,scalar,0.01520383594379195,0.008977152510497076,2,0.355,0.010000000000000009,0.37593750000000004,0.001437500000000008,0.3758125,0.0008124999999999937,0.6522294932619668,0.01826196571394023
