{
 "gru-stage4b-concentration-20260712-060852-f711a8c4": {
  "run": "gru-stage4b-concentration-20260712-060852-f711a8c4",
  "enc": "none",
  "emb": 16,
  "N": 200,
  "lik_rel": null,
  "mix_r2_per_family": {
   "mixweight_QLearning": -0.05713916787922746,
   "mixweight_CompareToThreshold": -0.08041487964057148,
   "mixweight_LossCounting": -0.14012161552064262
  },
  "mix_r2_mean": -0.09255855434681386,
  "dominant_family_acc": 0.395,
  "families": [
   "QLearning",
   "CompareToThreshold",
   "LossCounting"
  ]
 },
 "gru-stage4b-concentration-20260712-060852-ecc0ed12": {
  "run": "gru-stage4b-concentration-20260712-060852-ecc0ed12",
  "enc": "scalar",
  "emb": 16,
  "N": 200,
  "lik_rel": null,
  "mix_r2_per_family": {
   "mixweight_QLearning": 0.5516121010249158,
   "mixweight_CompareToThreshold": 0.6623588613848552,
   "mixweight_LossCounting": 0.3878185032560738
  },
  "mix_r2_mean": 0.5339298218886149,
  "dominant_family_acc": 0.675,
  "families": [
   "QLearning",
   "CompareToThreshold",
   "LossCounting"
  ],
  "persession_family_acc_sessioncond": 0.611375,
  "persession_family_acc_subjectonly": 0.611375,
  "persession_confusion_sessioncond": [
   [
    1724,
    502,
    302
   ],
   [
    468,
    1701,
    633
   ],
   [
    476,
    728,
    1466
   ]
  ],
  "persession_labels": [
   "CompareToThreshold",
   "LossCounting",
   "QLearning"
  ],
  "n_session_rows": 8000
 },
 "gru-stage4b-concentration-20260712-060852-cecdc01d": {
  "run": "gru-stage4b-concentration-20260712-060852-cecdc01d",
  "enc": "none",
  "emb": 16,
  "N": 200,
  "lik_rel": null,
  "mix_r2_per_family": {
   "mixweight_QLearning": 0.4977794522843172,
   "mixweight_CompareToThreshold": 0.6902408791080614,
   "mixweight_LossCounting": 0.4641304842885652
  },
  "mix_r2_mean": 0.5507169385603147,
  "dominant_family_acc": 0.72,
  "families": [
   "QLearning",
   "CompareToThreshold",
   "LossCounting"
  ]
 },
 "gru-stage4b-concentration-20260712-060852-c9a54bab": {
  "run": "gru-stage4b-concentration-20260712-060852-c9a54bab",
  "enc": "scalar",
  "emb": 16,
  "N": 200,
  "lik_rel": null,
  "mix_r2_per_family": {
   "mixweight_QLearning": 0.018934916056538742,
   "mixweight_CompareToThreshold": 0.12596718569410648,
   "mixweight_LossCounting": -0.1262220514507606
  },
  "mix_r2_mean": 0.006226683433294873,
  "dominant_family_acc": 0.365,
  "families": [
   "QLearning",
   "CompareToThreshold",
   "LossCounting"
  ],
  "persession_family_acc_sessioncond": 0.377375,
  "persession_family_acc_subjectonly": 0.375,
  "persession_confusion_sessioncond": [
   [
    1139,
    816,
    744
   ],
   [
    854,
    925,
    871
   ],
   [
    868,
    828,
    955
   ]
  ],
  "persession_labels": [
   "CompareToThreshold",
   "LossCounting",
   "QLearning"
  ],
  "n_session_rows": 8000
 },
 "gru-stage4b-concentration-20260712-060852-aee7d7e4": {
  "run": "gru-stage4b-concentration-20260712-060852-aee7d7e4",
  "enc": "none",
  "emb": 16,
  "N": 200,
  "lik_rel": null,
  "mix_r2_per_family": {
   "mixweight_QLearning": -0.10801698044586927,
   "mixweight_CompareToThreshold": -0.04573749120061077,
   "mixweight_LossCounting": -0.0538740363318182
  },
  "mix_r2_mean": -0.06920950265943275,
  "dominant_family_acc": 0.45,
  "families": [
   "QLearning",
   "CompareToThreshold",
   "LossCounting"
  ]
 },
 "gru-stage4b-concentration-20260712-060852-8341ea8d": {
  "run": "gru-stage4b-concentration-20260712-060852-8341ea8d",
  "enc": "none",
  "emb": 16,
  "N": 200,
  "lik_rel": null,
  "mix_r2_per_family": {
   "mixweight_QLearning": 0.20302177185536674,
   "mixweight_CompareToThreshold": 0.222032360988913,
   "mixweight_LossCounting": 0.2458104698111
  },
  "mix_r2_mean": 0.2236215342184599,
  "dominant_family_acc": 0.55,
  "families": [
   "QLearning",
   "CompareToThreshold",
   "LossCounting"
  ]
 },
 "gru-stage4b-concentration-20260712-060852-73a81989": {
  "run": "gru-stage4b-concentration-20260712-060852-73a81989",
  "enc": "scalar",
  "emb": 16,
  "N": 200,
  "lik_rel": null,
  "mix_r2_per_family": {
   "mixweight_QLearning": 0.21887295220394343,
   "mixweight_CompareToThreshold": 0.4729063135548106,
   "mixweight_LossCounting": 0.33942146092397396
  },
  "mix_r2_mean": 0.3437335755609093,
  "dominant_family_acc": 0.56,
  "families": [
   "QLearning",
   "CompareToThreshold",
   "LossCounting"
  ],
  "persession_family_acc_sessioncond": 0.491125,
  "persession_family_acc_subjectonly": 0.488875,
  "persession_confusion_sessioncond": [
   [
    1456,
    523,
    628
   ],
   [
    693,
    1203,
    689
   ],
   [
    802,
    736,
    1270
   ]
  ],
  "persession_labels": [
   "CompareToThreshold",
   "LossCounting",
   "QLearning"
  ],
  "n_session_rows": 8000
 },
 "gru-stage4b-concentration-20260712-060852-6f363011": {
  "run": "gru-stage4b-concentration-20260712-060852-6f363011",
  "enc": "none",
  "emb": 16,
  "N": 200,
  "lik_rel": null,
  "mix_r2_per_family": {
   "mixweight_QLearning": 0.3831380458414435,
   "mixweight_CompareToThreshold": 0.6869141275045552,
   "mixweight_LossCounting": 0.5046469848091213
  },
  "mix_r2_mean": 0.52489971938504,
  "dominant_family_acc": 0.755,
  "families": [
   "QLearning",
   "CompareToThreshold",
   "LossCounting"
  ]
 },
 "gru-stage4b-concentration-20260712-060852-5532ae7e": {
  "run": "gru-stage4b-concentration-20260712-060852-5532ae7e",
  "enc": "none",
  "emb": 16,
  "N": 200,
  "lik_rel": null,
  "mix_r2_per_family": {
   "mixweight_QLearning": 0.21431039512786343,
   "mixweight_CompareToThreshold": 0.4847930427573206,
   "mixweight_LossCounting": 0.3147999259272276
  },
  "mix_r2_mean": 0.33796778793747057,
  "dominant_family_acc": 0.63,
  "families": [
   "QLearning",
   "CompareToThreshold",
   "LossCounting"
  ]
 },
 "gru-stage4b-concentration-20260712-060852-2534e1a6": {
  "run": "gru-stage4b-concentration-20260712-060852-2534e1a6",
  "enc": "scalar",
  "emb": 16,
  "N": 200,
  "lik_rel": null,
  "mix_r2_per_family": {
   "mixweight_QLearning": 0.5474142276575449,
   "mixweight_CompareToThreshold": 0.6619302193753971,
   "mixweight_LossCounting": 0.5688057899380751
  },
  "mix_r2_mean": 0.5927167456570057,
  "dominant_family_acc": 0.75,
  "families": [
   "QLearning",
   "CompareToThreshold",
   "LossCounting"
  ],
  "persession_family_acc_sessioncond": 0.6315,
  "persession_family_acc_subjectonly": 0.63325,
  "persession_confusion_sessioncond": [
   [
    1696,
    563,
    441
   ],
   [
    452,
    1759,
    457
   ],
   [
    436,
    599,
    1597
   ]
  ],
  "persession_labels": [
   "CompareToThreshold",
   "LossCounting",
   "QLearning"
  ],
  "n_session_rows": 8000
 },
 "gru-stage4b-concentration-20260712-060852-1e379c7a": {
  "run": "gru-stage4b-concentration-20260712-060852-1e379c7a",
  "enc": "scalar",
  "emb": 16,
  "N": 200,
  "lik_rel": null,
  "mix_r2_per_family": {
   "mixweight_QLearning": 0.14608969573228936,
   "mixweight_CompareToThreshold": 0.4128332810055675,
   "mixweight_LossCounting": 0.2270220441873655
  },
  "mix_r2_mean": 0.2619816736417408,
  "dominant_family_acc": 0.53,
  "families": [
   "QLearning",
   "CompareToThreshold",
   "LossCounting"
  ],
  "persession_family_acc_sessioncond": 0.467,
  "persession_family_acc_subjectonly": 0.467625,
  "persession_confusion_sessioncond": [
   [
    1269,
    764,
    584
   ],
   [
    684,
    1350,
    735
   ],
   [
    643,
    854,
    1117
   ]
  ],
  "persession_labels": [
   "CompareToThreshold",
   "LossCounting",
   "QLearning"
  ],
  "n_session_rows": 8000
 },
 "gru-stage4b-concentration-20260712-060852-1a9fb0b4": {
  "run": "gru-stage4b-concentration-20260712-060852-1a9fb0b4",
  "enc": "none",
  "emb": 16,
  "N": 200,
  "lik_rel": null,
  "mix_r2_per_family": {
   "mixweight_QLearning": 0.06668227555008088,
   "mixweight_CompareToThreshold": 0.4755641301501632,
   "mixweight_LossCounting": 0.21227181960434016
  },
  "mix_r2_mean": 0.25150607510152806,
  "dominant_family_acc": 0.535,