stage,cond,r2_biasL,r2_learn_rate,r2_softmax_temp,sessfrac_R2
S2,conditioned,0.815106222382298,0.977714987201249,0.9253231488118898,0.9371025092211954
S2,subj_only,0.8190078149366524,0.8666990101527119,0.8605356085335828,0.0
S2b,conditioned,0.7234758651864763,0.8838594917964502,0.837363148135216,0.4655114909739627
S2b,subj_only,0.7224503243802408,0.5610435623416494,0.556750384787829,0.0
