num_subjects,r2_biasL,r2_learn_rate,r2_softmax_temp,r2_mean,r2_softmax_temp_raw,softmax_spearman,n_softmax_winsorized,softmax_winsor_threshold,wandb_run_id
50,0.995570784897221,0.98748230414129,0.748266134004005,0.910439741014172,-0.9211015990517171,0.9190396158463385,5,20.0,f787vi1g
100,0.9956080816639729,0.9897893585636891,0.8137688092086262,0.9330554164787627,-0.7053739476923506,0.9517311731173117,6,20.0,uooa8w1k
200,0.9953723185825316,0.9885926712531122,0.7779871172230303,0.9206507023528915,-1.5816781124212254,0.9491967299182481,10,20.0,0l8d5rq9
300,0.9951620128885149,0.9892361603626351,0.8163866833922877,0.9335949522144792,-0.07353006569404541,0.9579915332392582,9,20.0,col8bdj9
