{"1y7vz70o": {"acc": 0.985, "labels": ["Bari2019", "Hattori2019", "RescorlaWagner"], "cm": [[64, 3, 0], [0, 67, 0], [0, 0, 66]], "within": {"Bari2019": {"n": 67, "R2": {"biasL": 0.8930056090945613, "choice_kernel_relative_weight": 0.686039047319108, "forget_rate_unchosen": -0.11747413087123348, "learn_rate": 0.9235527065440631, "softmax_inverse_temperature": 0.7545759941989434}, "R2_mean": 0.6279398452570885}, "Hattori2019": {"n": 67, "R2": {"biasL": 0.9605434246380173, "forget_rate_unchosen": 0.28530027978167627, "softmax_inverse_temperature": 0.8550801891628053, "learn_rate_rew": 0.5301011550887662, "learn_rate_unrew": 0.9640207291932379}, "R2_mean": 0.7190091555729005}, "RescorlaWagner": {"n": 66, "R2": {"biasL": 0.9017043733570951, "learn_rate": 0.6180902450910378, "epsilon": 0.8881582438005393}, "R2_mean": 0.8026509540828908}}, "chance": 0.3333333333333333}, "5ux1j76q": {"acc": 0.99, "labels": ["Bari2019", "Hattori2019", "RescorlaWagner"], "cm": [[66, 1, 0], [1, 66, 0], [0, 0, 66]], "within": {"Bari2019": {"n": 67, "R2": {"biasL": 0.8781927983511556, "choice_kernel_relative_weight": 0.7883360445635036, "forget_rate_unchosen": -0.4716421553122425, "learn_rate": 0.8085344631484004, "softmax_inverse_temperature": 0.6948025309658732}, "R2_mean": 0.5396447363433381}, "Hattori2019": {"n": 67, "R2": {"biasL": 0.9029076426831212, "forget_rate_unchosen": 0.7180516815492516, "softmax_inverse_temperature": 0.8650643001708096, "learn_rate_rew": 0.8603377152807535, "learn_rate_unrew": 0.9526071870461564}, "R2_mean": 0.8597937053460185}, "RescorlaWagner": {"n": 66, "R2": {"biasL": 0.9415682239203864, "learn_rate": 0.7606383144273525, "epsilon": 0.936089410076292}, "R2_mean": 0.8794319828080104}}, "chance": 0.3333333333333333}, "f6t0d04a": {"acc": 0.99, "labels": ["Bari2019", "Hattori2019", "RescorlaWagner"], "cm": [[65, 2, 0], [0, 67, 0], [0, 0, 66]], "within": {"Bari2019": {"n": 67, "R2": {"biasL": 0.636734170996789, "choice_kernel_relative_weight": 0.836667897113696, "forget_rate_unchosen": -0.6943451297760217, "learn_rate": 0.8914436467070497, "softmax_inverse_temperature": 0.8146457988339713}, "R2_mean": 0.49702927677509684}, "Hattori2019": {"n": 67, "R2": {"biasL": 0.8476644497147623, "forget_rate_unchosen": 0.6840224346170924, "softmax_inverse_temperature": 0.875533186706278, "learn_rate_rew": 0.8705992953664052, "learn_rate_unrew": 0.9605333069559694}, "R2_mean": 0.8476705346721015}, "RescorlaWagner": {"n": 66, "R2": {"biasL": 0.9434942297936805, "learn_rate": 0.8833821749174886, "epsilon": 0.8254953191638879}, "R2_mean": 0.8841239079583523}}, "chance": 0.3333333333333333}, "h1agerky": {"acc": 0.975, "labels": ["Bari2019", "Hattori2019", "RescorlaWagner"], "cm": [[64, 3, 0], [2, 65, 0], [0, 0, 66]], "within": {"Bari2019": {"n": 67, "R2": {"biasL": 0.7458043613769636, "choice_kernel_relative_weight": 0.7047665747207665, "forget_rate_unchosen": -0.30317038015875286, "learn_rate": 0.753864846504988, "softmax_inverse_temperature": 0.6176957484992979}, "R2_mean": 0.5037922301886526}, "Hattori2019": {"n": 67, "R2": {"biasL": 0.7826319411443603, "forget_rate_unchosen": 0.7355790373838331, "softmax_inverse_temperature": 0.726675346622415, "learn_rate_rew": 0.7008469971839548, "learn_rate_unrew": 0.9431691808920458}, "R2_mean": 0.7777805006453218}, "RescorlaWagner": {"n": 66, "R2": {"biasL": 0.9293708859544992, "learn_rate": 0.6443120196390694, "epsilon": 0.8371800905735584}, "R2_mean": 0.8036209987223756}}, "chance": 0.3333333333333333}, "nxn0ddc6": {"acc": 0.995, "labels": ["Bari2019", "Hattori2019", "RescorlaWagner"], "cm": [[66, 1, 0], [0, 67, 0], [0, 0, 66]], "within": {"Bari2019": {"n": 67, "R2": {"biasL": 0.8492945123595907, "choice_kernel_relative_weight": 0.8640509457071401, "forget_rate_unchosen": 0.17031741513049647, "learn_rate": 0.9057829344959065, "softmax_inverse_temperature": 0.7716740863495087}, "R2_mean": 0.7122239788085285}, "Hattori2019": {"n": 67, "R2": {"biasL": 0.9223613480806044, "forget_rate_unchosen": 0.6833833102062189, "softmax_inverse_temperature": 0.9167432311400378, "learn_rate_rew": 0.7989447376389885, "learn_rate_unrew": 0.9758824552801738}, "R2_mean": 0.8594630164692048}, "RescorlaWagner": {"n": 66, "R2": {"biasL": 0.9446255708036988, "learn_rate": 0.9158386174699632, "epsilon": 0.8891154629130784}, "R2_mean": 0.9165265503955801}}, "chance": 0.3333333333333333}, "ok01hebs": {"acc": 0.98, "labels": ["Bari2019", "Hattori2019", "RescorlaWagner"], "cm": [[64, 3, 0], [1, 66, 0], [0, 0, 66]], "within": {"Bari2019": {"n": 67, "R2": {"biasL": 0.8716973284611895, "choice_kernel_relative_weight": 0.7368179526610412, "forget_rate_unchosen": -0.14580398143464257, "learn_rate": 0.864910936064977, "softmax_inverse_temperature": 0.7282781518068511}, "R2_mean": 0.6111800775118833}, "Hattori2019": {"n": 67, "R2": {"biasL": 0.9506947552779136, "forget_rate_unchosen": 0.14825645679755473, "softmax_inverse_temperature": 0.9476827036584727, "learn_rate_rew": 0.6397875518571856, "learn_rate_unrew": 0.973295603832005}, "R2_mean": 0.7319434142846264}, "RescorlaWagner": {"n": 66, "R2": {"biasL": 0.9529034805501072, "learn_rate": 0.8880079085533245, "epsilon": 0.9014036228261496}, "R2_mean": 0.9141050039765272}}, "chance": 0.3333333333333333}}